"id","ma","ten","ma_cha","last_update","trang_thai"
377,KHB,Chi nhánh TCTHKVN - CTCP tại Campuchia,TM,"2026-06-05 02:26:01.118967",
518,HRD-CBBP,Cán bộ Tăng cường/Biệt phái,HRD,"2026-06-05 02:26:01.118967",
551,MSD-TMĐT,Phòng Phát triển và Vận hành thương mại điện tử,MSD,"2026-06-05 02:26:01.118967",
386,MSD,Ban Tiếp thị và Bán sản phẩm,TM,"2026-06-05 02:26:01.118967",
271,FAD,Ban Tài chính Kế toán,TMU,"2026-06-05 02:26:01.118967",
301,CBD,Ban Truyền thông,TMU,"2026-06-05 02:26:01.118967",
439,VAS,Chi nhánh TCTHKVN - CTCP - Công ty Bay dịch vụ hàng không,Other,"2026-06-05 02:26:01.118967",
287,ASO-DVKTTSN,Phòng Dịch vụ và Khai thác Tân Sơn Nhất,ASO,"2026-06-05 02:26:01.118967",
350,GLC-KTHC,Phòng Kế toán - Hành chính,GLC,"2026-06-05 02:26:01.118967",
400,CPD,Ban Kế hoạch và Phát triển,TMU,"2026-06-05 02:26:01.118967",
317,CNB,Chi nhánh TCTHKVN - CTCP tại Trung Quốc,TM,"2026-06-05 02:26:01.118967",
342,FCD-TCHC,Phòng Tổ chức - Hành chính,FCD,"2026-06-05 02:26:01.118967",
365,IPD-ĐTXD,Phòng Đầu tư và Quản lý cơ sở hạ tầng,IPD,"2026-06-05 02:26:01.118967",
580,UNI-QHLĐ,Ban Quan hệ lao động,UNI,"2026-06-05 02:26:01.118967",
380,LAB-LPQ,Chi nhánh TCTHKVN – CTCP tại Luang Prabang (LPQ),LAB,"2026-06-05 02:26:01.118967",
312,CCD-LĐ4,Liên đội Tiếp viên 4,CCD,"2026-06-05 02:26:01.118967",
545,DTT,Ban Chuyển đổi số và Công nghệ,TMU,"2026-06-05 02:26:01.118967",
346,FTC-ĐT,Phòng Đào tạo,FTC,"2026-06-05 02:26:01.118967",
334,FCD,Đoàn bay 919,KTB,"2026-06-05 02:26:01.118967",
394,OCC,Trung tâm Điều hành khai thác,KTB,"2026-06-05 02:26:01.118967",
283,ASO,Chi nhánh TCTHKVN - CTCP - Trung tâm Dịch vụ và Khai thác sân bay,DV,"2026-06-05 02:26:01.118967",
407,PSD-DVMĐ,Phòng Dịch vụ mặt đất,PSD,"2026-06-05 02:26:01.118967",
335,FCD-A321,Đội bay Airbus 321,FCD,"2026-06-05 02:26:01.118967",
472,VNB-TMHK,Phòng Thương mại hành khách,VNB,"2026-06-05 02:26:01.118967",
267,KTB,Khai thác bay,BOM,"2026-06-05 02:26:01.118967",
266,KT,Kỹ thuật,BOM,"2026-06-05 02:26:01.118967",
311,CCD-LĐ3,Liên đội Tiếp viên 3,CCD,"2026-06-05 02:26:01.118967",
507,CAD-LĐ,Lãnh đạo VP,CAD,"2026-06-05 02:26:01.118967",
435,VAC,Công Ty TNHH MTV Suất Ăn Hàng Không Việt Nam,CTC,"2026-06-05 02:26:01.118967",
310,CCD-LĐ2,Liên đội Tiếp viên 2,CCD,"2026-06-05 02:26:01.118967",
3,VNA,Đại hội đồng cổ đông,,"2026-06-05 02:26:01.118967",
5,BOM,Ban Giám đốc,BOD,"2026-06-05 02:26:01.118967",
4,BOD,Hội đồng quản trị,VNA,"2026-06-05 02:26:01.118967",
305,CCD,Đoàn Tiếp viên,DV,"2026-06-05 02:26:01.118967",
313,CCD-LĐ5,Liên đội Tiếp viên 5,CCD,"2026-06-05 02:26:01.118967",
555,CNB-PEK,Trụ sở chính - Bắc Kinh (PEK),CNB,"2026-06-05 02:26:01.118967",
499,TEC-LĐB,Lãnh đạo Ban,TEC,"2026-06-05 02:26:01.118967",
284,ASO-ATCL,Phòng An toàn - Chất lượng,ASO,"2026-06-05 02:26:01.118967",
288,ASO-ĐH,Phòng Điều hành,ASO,"2026-06-05 02:26:01.118967",
370,JPB,Chi nhánh TCTHKVN - CTCP tại Nhật Bản,TM,"2026-06-05 02:26:01.118967",
381,LED,Ban Pháp chế,TMU,"2026-06-05 02:26:01.118967",
479,SBD,Ban Kiểm Soát,VNA,"2026-06-05 02:26:01.118967",
537,AUB-PER,Sân bay Perth (PER),AUB,"2026-06-05 02:26:01.118967",
432,THB,Chi nhánh TCTHKVN - CTCP tại Thái Lan,TM,"2026-06-05 02:26:01.118967",
309,CCD-LĐ1,Liên đội Tiếp viên 1,CCD,"2026-06-05 02:26:01.118967",
452,VAS-VKG,Chi nhánh TCTHKVN - CTCP tại Rạch Giá,VAS,"2026-06-05 02:26:01.118967",
323,CPM-TTKSTULD,Trung tâm Kiểm soát tải và ULD,CPM,"2026-06-05 02:26:01.118967",
418,SQD-ATCLKT,Phòng An toàn-Chất lượng Kỹ thuật,SQD,"2026-06-05 02:26:01.118967",
406,PSD,Ban Dịch vụ hành khách,DV,"2026-06-05 02:26:01.118967",
431,TWB-KHH,Chi nhánh TCTHKVN - CTCP tại Kaoshiung (KHH),TWB,"2026-06-05 02:26:01.118967",
433,UKB,Chi nhánh TCTHKVN - CTCP tại Anh,TM,"2026-06-05 02:26:01.118967",
414,SMD,Ban Quản lý vật tư,KT,"2026-06-05 02:26:01.118967",
397,OCC-QLKTB,Phòng Quản lý khai thác bay,OCC,"2026-06-05 02:26:01.118967",
469,VNB-KT,Phòng Kế toán,VNB,"2026-06-05 02:26:01.118967",
322,CPM-KHHH,Phòng Kế hoạch Hàng hóa,CPM,"2026-06-05 02:26:01.118967",
589,HRT - KDQC,Phòng Kinh doanh quảng cáo,HRT,"2026-06-05 02:26:01.118967",
319,CNB-CTU,Chi nhánh TCTHKVN - CTCP tại Thành Đô (CTU),CNB,"2026-06-05 02:26:01.118967",
353,HKB,Chi nhánh TCTHKVN - CTCP tại Hồng Kông,TM,"2026-06-05 02:26:01.118967",
304,CBD-TH,Phòng Thương hiệu,CBD,"2026-06-05 02:26:01.118967",
566,ITB,Chi nhánh TCTHKVN - CTCP tại Italia,TM,"2026-06-05 02:26:01.118967",
553,JPB-NRT,Sân bay Narita - Tokyo (NRT),JPB,"2026-06-05 02:26:01.118967",
388,MSD-PTBTT,Phòng Quản trị bán và Tiếp thị,MSD,"2026-06-05 02:26:01.118967",
412,SAB,Công Ty Cp Sabre Việt Nam,CTC,"2026-06-05 02:26:01.118967",
516,LED-LĐ,Lãnh đạo Ban,LED,"2026-06-05 02:26:01.118967",
523,TMĐU,"Cơ quan tham mưu, giúp việc ĐUTCT",BOM,"2026-06-05 02:26:01.118967",
382,LED-BH,Phòng Bảo hiểm,LED,"2026-06-05 02:26:01.118967",
501,FTC-BGĐ,Ban Giám đốc,FTC,"2026-06-05 02:26:01.118967",
543,DEB-MUC,Sân bay Munich (MUC),DEB,"2026-06-05 02:26:01.118967",
495,VNB-BGĐ,Ban Giám đốc,VNB,"2026-06-05 02:26:01.118967",
513,IAD-LĐ,Lãnh đạo Ban,IAD,"2026-06-05 02:26:01.118967",
274,FAD-KTTH,Phòng Kế toán tổng hợp,FAD,"2026-06-05 02:26:01.118967",
300,CAD-TH,Phòng Tổng hợp,CAD,"2026-06-05 02:26:01.118967",
384,MYB,Chi nhánh TCTHKVN - CTCP tại Malaysia,TM,"2026-06-05 02:26:01.118967",
497,PSD-LĐB,Lãnh đạo Ban,PSD,"2026-06-05 02:26:01.118967",
337,FCD-ATCL,Phòng An toàn - Chất lượng,FCD,"2026-06-05 02:26:01.118967",
509,CPD-LĐ,Lãnh đạo Ban,CPD,"2026-06-05 02:26:01.118967",
496,CCD-LĐ,Lãnh đạo Đoàn,CCD,"2026-06-05 02:26:01.118967",
511,FAD-LĐ,Lãnh đạo Ban,FAD,"2026-06-05 02:26:01.118967",
308,CCD-KT,Phòng Kế toán,CCD,"2026-06-05 02:26:01.118967",
351,GLC-ĐBHĐ,Phòng Đảm bảo Hoạt động,GLC,"2026-06-05 02:26:01.118967",
315,CCD-TCHC,Phòng Tổ chức - Hành chính,CCD,"2026-06-05 02:26:01.118967",
517,VAS-BGĐ,Ban Giám đốc,VAS,"2026-06-05 02:26:01.118967",
506,MSD-LĐB,Lãnh đạo Ban,MSD,"2026-06-05 02:26:01.118967",
514,IPD-LĐ,Lãnh đạo Ban,IPD,"2026-06-05 02:26:01.118967",
450,VAS-TCKT,Phòng Tài chính - Kế toán,VAS,"2026-06-05 02:26:01.118967",
339,FCD-B787,Đội bay Boeing 787,FCD,"2026-06-05 02:26:01.118967",
483,INB,Chi nhánh TCTHKVN - CTCP tại Ấn Độ,TM,"2026-06-05 02:26:01.118967",
338,FCD-ATR72,Đội bay ATR72,FCD,"2026-06-05 02:26:01.118967",
292,BNĐ,Bán Nội Địa,BOM,"2026-06-05 02:26:01.118967",
430,TWB,Chi nhánh TCTHKVN - CTCP tại Đài Loan,TM,"2026-06-05 02:26:01.118967",
491,ASOC-BGĐ,Ban Giám đốc,ASO,"2026-06-05 02:26:01.118967",
447,VAS-KT,Phòng Kỹ thuật,VAS,"2026-06-05 02:26:01.118967",
500,FCD-LĐ,Lãnh đạo Đoàn,FCD,"2026-06-05 02:26:01.118967",
276,FAD-TC,Phòng Tài chính,FAD,"2026-06-05 02:26:01.118967",
154,HRD-ĐT,Phòng Đào tạo,HRD,"2026-06-05 02:26:01.118967",
508,CBD-LĐ,Lãnh đạo Ban,CBD,"2026-06-05 02:26:01.118967",
565,TEST_PS2,Phòng số 2 (TEST),Others,"2026-06-05 02:26:01.118967",
568,IND-BLR,Sân bay Bengaluru (BLR),INB,"2026-06-05 02:26:01.118967",
539,ASD-LĐB,Lãnh đạo Ban,ASD,"2026-06-05 02:26:01.118967",
363,IDB,Chi nhánh TCTHKVN - CTCP tại Indonesia,TM,"2026-06-05 02:26:01.118967",
392,NCS,Công Ty Cổ Phần Suất Ăn Hàng Không Nội Bài,CTC,"2026-06-05 02:26:01.118967",
347,FTC-HLKTB,Khoa Huấn luyện Khai thác Bay,FTC,"2026-06-05 02:26:01.118967",
285,ASO-DVKTĐN,Phòng Dịch vụ và Khai thác Đà Nẵng,ASO,"2026-06-05 02:26:01.118967",
586,HRT - LĐ,Lãnh đạo Trung tâm,HRT,"2026-06-05 02:26:01.118967",
587,HRT-SXND,Phòng Sản xuất nội dung,HRT,"2026-06-05 02:26:01.118967",
532,VAS-KTB,Phòng Khai thác bay,VAS,"2026-06-05 02:26:01.118967",
463,VNB-CNPQ,Chi nhánh TCTHKVN - CTCP tại Phú Quốc,VNB,"2026-06-05 02:26:01.118967",
374,K6A,Cambodia Angkor Air,CTC,"2026-06-05 02:26:01.118967",
325,DEB,Chi nhánh TCTHKVN - CTCP tại Đức,TM,"2026-06-05 02:26:01.118967",
557,DEB-FRA,Trụ sở chính - FrankFurt (FRA),DEB,"2026-06-05 02:26:01.118967",
280,APL,Công Ty Cổ Phần Nhựa cao cấp hàng không,CTC,"2026-06-05 02:26:01.118967",
423,TCS,Công Ty Cổ Phần Dịch Vụ Hàng Hóa Tân Sơn Nhất,CTC,"2026-06-05 02:26:01.118967",
361,IAD-KTHĐTCĐT,"Phòng Kiểm toán hoạt động tài chính, đầu tư",IAD,"2026-06-05 02:26:01.118967",
533,VAS-ANHK,Đội An ninh hàng không,VAS,"2026-06-05 02:26:01.118967",
519,BKT,Cơ quan Ủy ban Kiểm tra Đảng ủy Tổng công ty Hàng không Việt Nam,TMĐU,"2026-06-05 02:26:01.118967",
581,UNI-CTCĐ,Ban Công tác Công đoàn,UNI,"2026-06-05 02:26:01.118967",
460,VNB-CNĐL,Chi nhánh TCTHKVN - CTCP tại Đà Lạt,VNB,"2026-06-05 02:26:01.118967",
468,VNB-CNHUE,Chi nhánh TCTHKVN - CTCP tại Huế,VNB,"2026-06-05 02:26:01.118967",
456,VNB-CNBMT,Chi nhánh TCTHKVN - CTCP tại Buôn Ma Thuột,VNB,"2026-06-05 02:26:01.118967",
298,CAD-KT,Phòng Kế toán,CAD,"2026-06-05 02:26:01.118967",
558,IDB-CGK,Trụ sở chính - Jakarta (CGK),IDB,"2026-06-05 02:26:01.118967",
449,VAS-TCHC,Phòng Tổ chức - Hành chính,VAS,"2026-06-05 02:26:01.118967",
569,IND-HYD,Sân bay Hyderabad (HYD),INB,"2026-06-05 02:26:01.118967",
563,TWB - TPE,Trụ sở chính - Taipei (TPE),TWB,"2026-06-05 02:26:01.118967",
471,VNB-TMHH,Phòng Thương mại hàng hóa,VNB,"2026-06-05 02:26:01.118967",
341,FCD-KT,Phòng Kế toán,FCD,"2026-06-05 02:26:01.118967",
427,TEC-KTMB,Phòng Kỹ thuật máy bay,TEC,"2026-06-05 02:26:01.118967",
521,BTG,Ban Tuyên giáo Đảng ủy Tổng công ty Hàng không Việt Nam,TMĐU,"2026-06-05 02:26:01.118967",
546,DTT-DTG,Phòng Đổi mới sáng tạo,DTT,"2026-06-05 02:26:01.118967",
383,LED-PC,Phòng Pháp chế,LED,"2026-06-05 02:26:01.118967",
376,KRB-PUS,Chi nhánh TCTHKVN - CTCP tại Busan (PUS),KRB,"2026-06-05 02:26:01.118967",
290,ASO-TCHC,Phòng Tổ chức - Hành chính,ASO,"2026-06-05 02:26:01.118967",
293,AUB,Chi nhánh TCTHKVN - CTCP tại Úc,TM,"2026-06-05 02:26:01.118967",
294,GLC,Chi nhánh TCTHKVN - CTCP - Trung tâm Bông Sen Vàng,TM,"2026-06-05 02:26:01.118967",
404,CPD-KHĐB,Phòng Kế hoạch đường bay,CPD,"2026-06-05 02:26:01.118967",
437,VAG,Công Ty TNHH MTV Dịch Vụ Mặt Đất Sân Bay Việt Nam,CTC,"2026-06-05 02:26:01.118967",
474,VNB-TTQLKTCSHT,Trung tâm Quản lý khai thác cơ sở hạ tầng phía Nam,VNB,"2026-06-05 02:26:01.118967",
393,NCT,Công Ty Cổ Phần Dịch Vụ Hàng Hóa Nội Bài,CTC,"2026-06-05 02:26:01.118967",
464,VNB-CNQN,Chi nhánh TCTHKVN - CTCP tại Quy Nhơn,VNB,"2026-06-05 02:26:01.118967",
391,NAS,Công Ty Cổ Phần Dịch Vụ Hàng Không Sân Bay Nội Bài,CTC,"2026-06-05 02:26:01.118967",
378,KHB-SAI,Chi nhánh TCTHKVN – CTCP tại Siem Reap (SAI),KHB,"2026-06-05 02:26:01.118967",
359,IAD,Ban Kiểm toán nội bộ,TMU,"2026-06-05 02:26:01.118967",
352,GLC-PTCT,Phòng Phát triển Chương trình,GLC,"2026-06-05 02:26:01.118967",
410,PSD-QHKH,Phòng Quan hệ khách hàng và Quản trị hệ thống,PSD,"2026-06-05 02:26:01.118967",
416,SMD-QTCPKT,Phòng Quản trị chi phí kỹ thuật,SMD,"2026-06-05 02:26:01.118967",
390,MMB,Chi nhánh TCTHKVN - CTCP tại Myanmar,TM,"2026-06-05 02:26:01.118967",
573,OCC-KHKN,Phòng Quản lý Ứng phó Khủng hoảng và Khẩn nguy,OCC,"2026-06-05 02:26:01.118967",
445,VAS-HAN,Chi nhánh TCTHKVN - CTCP tại Hà Nội,VAS,"2026-06-05 02:26:01.118967",
344,FTC,Chi nhánh TCTHKVN - CTCP - Trung tâm Huấn luyện bay,KTB,"2026-06-05 02:26:01.118967",
419,SQD-ATCLKTB,Phòng An toàn-Chất lượng Khai thác bay,SQD,"2026-06-05 02:26:01.118967",
379,LAB,Chi nhánh TCTHKVN - CTCP tại Lào,TM,"2026-06-05 02:26:01.118967",
279,ALS,Công Ty Cổ Phần Cung ứng Lao động Hàng không,CTC,"2026-06-05 02:26:01.118967",
540,ASD-TCANHK,Phòng Tiêu chuẩn An ninh hàng không,ASD,"2026-06-05 02:26:01.118967",
364,IPD,Ban Đầu tư - Mua sắm,TMU,"2026-06-05 02:26:01.118967",
451,VAS-VCS,Chi nhánh TCTHKVN - CTCP tại Côn Đảo,VAS,"2026-06-05 02:26:01.118967",
306,CCD-ATCL,Phòng An toàn - Chất lượng,CCD,"2026-06-05 02:26:01.118967",
542,PHB,Chi nhánh TCTHKVN - CTCP tại Philippines,TM,"2026-06-05 02:26:01.118967",
302,CBD-SKTT,Phòng Sự kiện - Tài trợ,CBD,"2026-06-05 02:26:01.118967",
411,RUB,Chi nhánh TCTHKVN - CTCP tại Nga,TM,"2026-06-05 02:26:01.118967",
360,IAD-KTHĐKD,Phòng Kiểm toán hoạt động kinh doanh,IAD,"2026-06-05 02:26:01.118967",
526,IND-BOM,Sân bay Mumbai (BOM),INB,"2026-06-05 02:26:01.118967",
434,USB,Chi nhánh TCTHKVN - CTCP tại Mỹ,TM,"2026-06-05 02:26:01.118967",
343,FRB,Chi nhánh TCTHKVN - CTCP tại Pháp,TM,"2026-06-05 02:26:01.118967",
466,VNB-CNV,Chi nhánh TCTHKVN - CTCP tại Vinh,VNB,"2026-06-05 02:26:01.118967",
296,CAD,Văn phòng Tổng công ty,TMU,"2026-06-05 02:26:01.118967",
321,CPM,Ban Kế hoạch và Tiếp thị hàng hóa,TM,"2026-06-05 02:26:01.118967",
420,SQD-ATCLKTMĐ,Phòng An toàn-Chất lượng Khai thác mặt đất,SQD,"2026-06-05 02:26:01.118967",
457,VNB-CNCL,Chi nhánh TCTHKVN - CTCP tại Chu Lai,VNB,"2026-06-05 02:26:01.118967",
465,VNB-CNTH,Chi nhánh TCTHKVN - CTCP tại Thanh Hóa,VNB,"2026-06-05 02:26:01.118967",
462,VNB-CNPLEIKU,Chi nhánh TCTHKVN - CTCP tại Pleiku,VNB,"2026-06-05 02:26:01.118967",
286,ASO-DVKTNB,Phòng Dịch vụ và Khai thác Nội Bài,ASO,"2026-06-05 02:26:01.118967",
438,VAL,Công Ty Cổ Phần Cho thuê máy bay Việt Nam,CTC,"2026-06-05 02:26:01.118967",
520,VPĐ,Văn phòng Đảng ủy Tổng công ty Hàng không Việt Nam,TMĐU,"2026-06-05 02:26:01.118967",
291,AT,An toàn,BOM,"2026-06-05 02:26:01.118967",
485,Others1,Ngoài Tổng công ty,,"2026-08-14 09:08:21.524474",
152,HRD-TLCS,Phòng Tiền lương - Chính sách,HRD,"2026-06-05 02:26:01.118967",
345,FTC-ATCL,Phòng An toàn - Chất lượng,FTC,"2026-06-05 02:26:01.118967",
349,FTC-KTHC,Phòng Kế toán - Hành chính,FTC,"2026-06-05 02:26:01.118967",
505,GLC-BGĐ,Lãnh đạo Trung tâm,GLC,"2026-06-05 02:26:01.118967",
590,HRT-KTHC,Phòng Kế toán - Hành chính,HRT,"2026-06-05 02:26:01.118967",
371,JPB-FUK,Chi nhánh TCTHKVN - CTCP tại Fukuoka (FUK),JPB,"2026-06-05 02:26:01.118967",
548,DTT-DIS,Phòng An ninh thông tin và Hạ tầng số,DTT,"2026-06-05 02:26:01.118967",
387,MSD-KTHTB,Phòng Kỹ thuật và Hỗ trợ bán,MSD,"2026-06-05 02:26:01.118967",
281,ARI,Công Ty Cổ Phần Xuất Nhập Khẩu Hàng Không,CTC,"2026-06-05 02:26:01.118967",
375,KRB,Chi nhánh TCTHKVN - CTCP tại Hàn Quốc,TM,"2026-06-05 02:26:01.118967",
475,VNK,Công Ty TNHH Giao Nhận Hàng Hóa VINAKO,CTC,"2026-06-05 02:26:01.118967",
307,CCD-ĐT,Phòng Đào tạo,CCD,"2026-06-05 02:26:01.118967",
415,SMD-CUQLVT,Phòng Cung ứng và Quản lý vật tư,SMD,"2026-06-05 02:26:01.118967",
373,JPB-KIX,Chi nhánh TCTHKVN - CTCP tại Osaka (KIX),JPB,"2026-06-05 02:26:01.118967",
512,HRD-LĐ,Lãnh đạo Ban,HRD,"2026-06-05 02:26:01.118967",
578,CPH,Sân bay Copenhagen - Đan Mạch,TM,"2026-06-05 02:26:01.118967",
498,SMD-LĐB,Lãnh đạo Ban,SMD,"2026-06-05 02:26:01.118967",
403,CPD-HTTM,Phòng Hợp tác thương mại,CPD,"2026-06-05 02:26:01.118967",
295,AUB-MEL,Chi nhánh TCTHKVN - CTCP tại Melbourne (MEL),AUB,"2026-06-05 02:26:01.118967",
275,FAD-NQ,Phòng Ngân quỹ,FAD,"2026-06-05 02:26:01.118967",
366,IPD-ĐTRNDN,Phòng Đầu tư ra ngoài doanh nghiệp,IPD,"2026-06-05 02:26:01.118967",
277,CTC,CTC - CTLK,VNA,"2026-06-05 02:26:01.118967",
454,VFT,Công Ty Cổ Phần Đào Tạo Bay Việt,CTC,"2026-06-05 02:26:01.118967",
440,VAS-CAH,Chi nhánh TCTHKVN - CTCP tại Cà Mau,VAS,"2026-06-05 02:26:01.118967",
421,SQD-QLATCL,Phòng Quản lý An toàn-Chất lượng,SQD,"2026-06-05 02:26:01.118967",
324,CPM-TTHH,Phòng Tiếp thị Hàng hóa,CPM,"2026-06-05 02:26:01.118967",
470,VNB-TCHC,Phòng Tổ chức - Hành chính,VNB,"2026-06-05 02:26:01.118967",
550,MSD-TTS,Phòng Bán và Tiếp thị số,MSD,"2026-06-05 02:26:01.118967",
436,VAE,Công Ty TNHH MTV Kỹ Thuật Máy Bay,CTC,"2026-06-05 02:26:01.118967",
561,LAB-VTE,Trụ sở chính - Vientiane (VTE),LAB,"2026-06-05 02:26:01.118967",
151,HRD-PTNL,Phòng Phát triển nhân lực,HRD,"2026-06-05 02:26:01.118967",
278,AIT,Công Ty Cổ Phần Tin Học-Viễn Thông Hàng Không,CTC,"2026-06-05 02:26:01.118967",
270,ĐTN,Đoàn Thanh Niên,BOM,"2026-06-05 02:26:01.118967",
368,IPD-TMTB,Phòng Thuê mua tàu bay,IPD,"2026-06-05 02:26:01.118967",
536,AUB-SYD,Trụ sở chính - Sydney (SYD),AUB,"2026-06-05 02:26:01.118967",
541,ASD-GSANHK,Phòng Giám sát An ninh hàng không,ASD,"2026-06-05 02:26:01.118967",
538,VNB-CNĐB,Chi nhánh TCTHKVN - CTCP tại Điện Biên,VNB,"2026-06-05 02:26:01.118967",
320,CNB-PVG,Chi nhánh TCTHKVN - CTCP tại Thượng Hải (PVG),CNB,"2026-06-05 02:26:01.118967",
348,FTC-KT,Phòng Kỹ thuật,FTC,"2026-06-05 02:26:01.118967",
413,SGB,Chi nhánh TCTHKVN - CTCP tại Singapore,TM,"2026-06-05 02:26:01.118967",
14,TMU,Tham mưu,BOM,"2026-06-05 02:26:01.118967",
417,SQD,Ban An toàn - Chất lượng,AT,"2026-06-05 02:26:01.118967",
493,UNI,Cơ quan Công đoàn Tổng công ty,BOM,"2026-06-05 02:26:01.118967",
552,IDB-DPS,Sân bay Bali (DPS),IDB,"2026-06-05 02:26:01.118967",
494,SQD-LĐ,Lãnh đạo Ban,SQD,"2026-06-05 02:26:01.118967",
333,EUB,Văn phòng đại diện TCTHKVN - CTCP khu vực Châu Âu,TM,"2026-06-05 02:26:01.118967",
289,ASO-KT,Phòng Kế toán,ASO,"2026-06-05 02:26:01.118967",
489,VNB-CNTBB,Chi nhánh TCTHKVN - CTCP tại Tuy Hòa,VNB,"2026-06-05 02:26:01.118967",
559,JPB-HND,Trụ sở chính - Tokyo - Haneda (HND),JPB,"2026-06-05 02:26:01.118967",
425,TEC-CTKHBD,Phòng Chương trình và kế hoạch bảo dưỡng,TEC,"2026-06-05 02:26:01.118967",
461,VNB-CNNT,Chi nhánh TCTHKVN - CTCP tại Nha Trang,VNB,"2026-06-05 02:26:01.118967",
303,CBD-TGTT,Phòng Truyền thông,CBD,"2026-06-05 02:26:01.118967",
399,PAA,Công Ty Cổ Phần Hàng Không Pacific Airlines,CTC,"2026-06-05 02:26:01.118967",
562,KRB-ICN,Trụ sở chính - Seoul (ICN),KRB,"2026-06-05 02:26:01.118967",
318,CNB-CAN,Chi nhánh TCTHKVN - CTCP tại Quảng Châu (CAN),CNB,"2026-06-05 02:26:01.118967",
272,FAD-KTQT,Phòng Kế toán quản trị,FAD,"2026-06-05 02:26:01.118967",
484,HRD-CBVG,Cán bộ vốn góp,HRD,"2026-06-05 02:26:01.118967",
153,HRD-TCCB,Phòng Tổ chức - Cán bộ,HRD,"2026-06-05 02:26:01.118967",
477,OCC-ĐH,Phòng Điều hành,OCC,"2026-06-05 02:26:01.118967",
503,CPM-LĐB,Lãnh đạo Ban,CPM,"2026-06-05 02:26:01.118967",
458,VNB-CNCT,Chi nhánh TCTHKVN - CTCP tại Cần Thơ,VNB,"2026-06-05 02:26:01.118967",
401,CPD-CL,Phòng Chiến lược,CPD,"2026-06-05 02:26:01.118967",
367,IPD-MS,Phòng Mua sắm,IPD,"2026-06-05 02:26:01.118967",
426,TEC-KSHĐKT,Phòng Kiểm soát hoạt động kỹ thuật,TEC,"2026-06-05 02:26:01.118967",
549,DTT-LĐB,Lãnh đạo Ban,DTT,"2026-06-05 02:26:01.118967",
70,HRD,Ban Tổ chức và Nhân lực,TMU,"2026-06-05 02:26:01.118967",
547,DTT-DGS,Phòng Quản trị Dữ liệu và Giải pháp số,DTT,"2026-06-05 02:26:01.118967",
443,VAS-ATCL,Phòng An toàn - Chất lượng,VAS,"2026-06-05 02:26:01.118967",
556,CNB-PKX,Sân bay Đại Hưng - Bắc Kinh (PKX),CNB,"2026-06-05 02:26:01.118967",
502,OCC-BGĐ,Ban Giám đốc,OCC,"2026-06-05 02:26:01.118967",
336,FCD-A350,Đội bay Airbus 350,FCD,"2026-06-05 02:26:01.118967",
402,CPD-GCQTDT,Phòng Giá cước và Quản trị doanh thu,CPD,"2026-06-05 02:26:01.118967",
522,BTC,Ban Tổ chức Đảng ủy Tổng công ty Hàng không Việt Nam,TMĐU,"2026-06-05 02:26:01.118967",
564,TEST_PS1,Phòng số 1 (TEST),Others,"2026-06-05 02:26:01.118967",
579,UNI-LĐB,Lãnh đạo CĐTCT,UNI,"2026-06-05 02:26:01.118967",
314,CCD-LĐ6,Liên đội Tiếp viên 6,CCD,"2026-06-05 02:26:01.118967",
389,MSD-QTGPPP,Phòng Quản trị giải pháp phân phối,MSD,"2026-06-05 02:26:01.118967",
297,CAD-HC,Phòng Hành chính,CAD,"2026-06-05 02:26:01.118967",
424,TEC,Ban Kỹ thuật,KT,"2026-06-05 02:26:01.118967",
584,HRT,Chi nhánh TCTHKVN - CTCP - Trung tâm Heritage,Other,"2026-06-05 02:26:01.118967",
525,IND-DEL,Trụ sở chính - New Delhi (DEL),INB,"2026-06-05 02:26:01.118967",
560,KHB-PNH,Trụ sở chính - Phnom Penh (PNH),KHB,"2026-06-05 02:26:01.118967",
455,VNB,Chi nhánh TCTHKVN - CTCP Khu Vực Việt Nam,BNĐ,"2026-06-05 02:26:01.118967",
428,TEC-QLKTĐB,Phòng Quản lý kỹ thuật đội bay,TEC,"2026-06-05 02:26:01.118967",
340,FCD-ĐT,Phòng Đào tạo,FCD,"2026-06-05 02:26:01.118967",
265,Other,Đơn vị khác,BOM,"2026-06-05 02:26:01.118967",
268,DV,Dịch vụ,BOM,"2026-06-05 02:26:01.118967",
273,FAD-KTT,Phòng Kế toán thu,FAD,"2026-06-05 02:26:01.118967",
395,OCC-KTKT,Phòng Kỹ thuật khai thác,OCC,"2026-06-05 02:26:01.118967",
385,MAS,Công Ty Cổ Phần Dịch Vụ Hàng Không Sân Bay Đà Nẵng,CTC,"2026-06-05 02:26:01.118967",
396,OCC-KHTB,Phòng Kế hoạch tổ bay,OCC,"2026-06-05 02:26:01.118967",
422,TCF,Công Ty TNHH Dịch vụ giao nhận hàng hóa Tân Sơn Nhất,CTC,"2026-06-05 02:26:01.118967",
282,ASD,Ban An ninh hàng không,TMU,"2026-06-05 02:26:01.118967",
459,VNB-CNĐH,Chi nhánh TCTHKVN - CTCP tại Đồng Hới,VNB,"2026-06-05 02:26:01.118967",
372,JPB-NGO,Chi nhánh TCTHKVN - CTCP tại Nagoya (NGO),JPB,"2026-06-05 02:26:01.118967",
316,CĐTCC,Ban chỉ đạo tái cơ cấu,BOD,"2026-06-05 02:26:01.118967",
467,VNB-CNHP,Chi nhánh TCTHKVN - CTCP tại Hải Phòng,VNB,"2026-06-05 02:26:01.118967",
476,PEC,Công Ty TNHH MTV Nhiên Liệu Hàng Không Việt Nam,CTC,"2026-06-05 02:26:01.118967",
446,VAS-TMDV,Phòng Thương mại - Dịch vụ,VAS,"2026-06-05 02:26:01.118967",
592,NLB,Sân bay Amsterdam Schiphol - Hà Lan,TM,"2026-07-06 09:20:46.199333",
269,TM,Thương mại,BOM,"2026-06-05 02:26:01.118967",
408,PSD-DVTK,Phòng Dịch vụ trên không,PSD,"2026-06-05 02:26:01.118967",
602,LKB,Sân bay Colombo - Sri Lanka,TM,"2026-07-06 09:20:46.398368",
